{
  "Component-dbg.js": 1726482928774,
  "test/integration/pages/RisksObjectPage.js": 1726482928866,
  "test/integration/pages/RisksList.js": 1726482928866,
  "test/integration/opaTests.qunit.js": 1726482928854,
  "test/integration/FirstJourney.js": 1726482928882,
  "test/testsuite.qunit.js": 1726482928846,
  "xs-app.json": 1726487074612,
  "manifest.json": 1726486258042,
  "Component.js": 1726482928774,
  "test/integration/pages/RisksObjectPage-dbg.js": 1726482928866,
  "test/integration/pages/RisksObjectPage.js.map": 1726487088771,
  "test/integration/pages/RisksList-dbg.js": 1726482928866,
  "test/integration/pages/RisksList.js.map": 1726487088769,
  "test/integration/opaTests.qunit-dbg.js": 1726482928854,
  "test/integration/opaTests.qunit.js.map": 1726487088771,
  "test/integration/FirstJourney-dbg.js": 1726482928882,
  "test/integration/FirstJourney.js.map": 1726487088775,
  "test/testsuite.qunit-dbg.js": 1726482928846,
  "test/testsuite.qunit.js.map": 1726487088773,
  "i18n/i18n.properties": 1726482958695,
  "Component.js.map": 1726487088773,
  "Component-preload.js": 1726487088875,
  "Component-preload.js.map": 1726487088875,
  "test/integration/opaTests.qunit.html": 1726482928854,
  "test/testsuite.qunit.html": 1726482928834,
  "test/flpSandbox.html": 1726482928834,
  "index.html": 1726482928774
}