{
  "test/integration/pages/RisksList.js": 1726482928866,
  "manifest.json": 1726486258042,
  "i18n/i18n.properties": 1726482958695,
  "test/integration/opaTests.qunit.js": 1726482928854,
  "test/integration/FirstJourney.js": 1726482928882,
  "test/testsuite.qunit.js": 1726482928846,
  "xs-app.json": 1726490167458,
  "test/integration/pages/RisksObjectPage.js": 1726482928866,
  "Component.js": 1726482928774,
  "test/integration/FirstJourney-dbg.js": 1726482928882,
  "test/integration/FirstJourney.js.map": 1726490173740,
  "test/integration/opaTests.qunit-dbg.js": 1726482928854,
  "test/integration/opaTests.qunit.js.map": 1726490173735,
  "test/integration/pages/RisksList-dbg.js": 1726482928866,
  "test/integration/pages/RisksList.js.map": 1726490173738,
  "test/testsuite.qunit-dbg.js": 1726482928846,
  "test/testsuite.qunit.js.map": 1726490173745,
  "test/integration/pages/RisksObjectPage-dbg.js": 1726482928866,
  "test/integration/pages/RisksObjectPage.js.map": 1726490173737,
  "Component-dbg.js": 1726482928774,
  "Component.js.map": 1726490173738,
  "Component-preload.js": 1726490173803,
  "Component-preload.js.map": 1726490173803,
  "test/integration/opaTests.qunit.html": 1726482928854,
  "test/testsuite.qunit.html": 1726482928834,
  "test/flpSandbox.html": 1726482928834,
  "index.html": 1726482928774
}